"名稱","地址","行政區","電話","城市"
"景安護理之家","新北市中和區泰安里景安路42號5樓、46號4-5樓、50號3-4樓","中和區","02-2240-9359","新北市"
"新北市私立宜安老人長期照顧中心(養護型)","新北市中和區泰安里景安路48號7樓","中和區","02-2240-9359","新北市"
"新北市私立桐心老人長期照顧中心(養護型)","新北市板橋區港尾里中正路302號2樓","板橋區","02-2968-8657","新北市"
"新北市私立圓滿老人長期照顧中心(養護型)","新北市三重區中興里重新路五段639號10樓及639-1號10樓","三重區","02-2999-8867","新北市"
"新北市私立愛鄰田園老人長期照顧中心(養護型)","新北市鶯歌區永昌里建國路596巷40號","鶯歌區","02-8677-3288","新北市"
"海山護理之家","新北市板橋區長安里漢生東路163號4樓、4樓之1、5樓、5樓之1","板橋區","02-2956-2767","新北市"
"新北市私立景頤老人長期照顧中心(養護型)","新北市新莊區思源路87巷18號3樓之1","新莊區","02-2277-2203","新北市"
"新北市私立中山老人長期照顧中心(養護型)","新北市中和區中原里橋安街6號2~3樓","中和區","02-2443-8323","新北市"
"新北市私立福泰老人長期照顧中心(養護型)","新北市中和區碧河里中山路二段371號4樓","中和區","02-2223-3325","新北市"
"新北市私立寶安老人長期照顧中心(養護型)","新北市永和區上林里竹林路73號2~3樓","永和區","02-8928-1517","新北市"
"三芳護理之家","新北市板橋區崑崙里大觀路三段236號6樓","板橋區","02-2687-6363","新北市"
"新北市私立蓮愛老人養護中心","新北市三重區溪美里溪尾街41號2樓","三重區","02-2989-6770","新北市"
"新北市私立宏德老人長期照顧中心(養護型)","新北市永和區協和里永平路81巷12號2樓","永和區","02-2923-1336","新北市"
"新北市私立再芳老人長期照顧中心(養護型)","新北市五股區成泰路四段10號3樓之2","五股區","02-2292-3158","新北市"
"上和長照社團法人附設新北市私立迎和住宿長照機構","新北市板橋區忠翠里莒光路167號2樓之9","板橋區","02-8257-0118","新北市"
"新北市私立慈美老人養護中心","新北市中和區連和里中山路二段315巷2號6樓","中和區","02-2246-7727","新北市"
"新北市私立慈美護理之家","新北市中和區連和里中山路二段315巷2號4樓、317號6樓","中和區","02-2246-7725","新北市"
"詠靜護理之家","新北市深坑區萬順里北深路三段99、101、103號3-4樓、105號1、3、4樓","深坑區","02-2662-8011","新北市"
"新北市私立長勤老人長期照顧中心(養護型)","新北市三芝區埔頭里長勤街63號","三芝區","02-2636-6887","新北市"
"新北市私立捷安護理之家","新北市蘆洲區中山一路300號","蘆洲區","02-2282-9859","新北市"
"私立再生護理之家","新北市新店區寶高路6號","新店區","02-2915-0111","新北市"
"財團法人台北市私立愛愛院","台北市萬華區大理街175巷27號","萬華區","02-2306-0493","台北市"
"新北市私立一德老人長期照顧中心(養護型)","新北市中和區中原里中山路二段560號7樓","中和區","02-2228-6655","新北市"
"基隆市私立順逸老人長期照顧中心(養護型)","基隆市安樂區基金一路210巷58號","基隆市安樂區","02-2434-0239","其他"
"新北市私立保安老人長期照顧中心(養護型)","新北市樹林區保安街二段64號4樓","樹林區","02-2686-3810","新北市"
"新北市私立忠祥老人長期照顧中心(養護型)","新北市中和區連和里中山路二段327巷1號4樓","中和區","02-2247-3386","新北市"
"新北市私立連旺老人長期照顧中心(養護型)","新北市板橋區香丘里中山路一段311號、313號、315之1號","板橋區","02-8952-0509","新北市"
"元復醫院附設護理之家","新北市土城區慶樂街25號","土城區","02-2262-0582","新北市"
"新北市私立雙和老人長期照顧中心(養護型)","新北市中和區福和里中山路二段133號2樓","中和區","02-8245-8280","新北市"
"新北市私立瑞昇老人長期照顧中心(養護型)","新北市板橋區鄉雲里四川路二段16巷1號1樓","板橋區","02-8967-5498","新北市"
"新北市私立尚承護理之家","新北市五股區成泰路四段10號3樓之1","五股區","02-2291-7171","新北市"
"桃園市私立八德老人長期照顧中心(養護型)","桃園市八德區介壽路一段758巷8號","桃園市八德區","03-218-2128","其他"
"臺北市私立上美老人長期照顧中心(養護型)","台北市士林區重慶北路四段162號1-4樓","士林區","02-2812-2366","台北市"
"新北市私立安新老人長期照顧中心(養護型)","新北市三峽區民生街83號4樓、85號4樓及5樓","三峽區","02-8671-0158","新北市"
"紅樹林護理之家","新北市淡水區中正東路一段111巷22號","淡水區","02-2626-0766","新北市"
"百齡診所附設護理之家","台北市士林區重慶北路四段187號","士林區","02-2811-3113","台北市"
"新北市私立嘉宥老人長期照顧中心(養護型)","新北市樹林區中正路632巷1號2樓","樹林區","02-2688-3267","新北市"
"新北市私立健安老人長期照顧中心(養護型)","新北市新莊區雙鳳路121、123號7樓","新莊區","02-2903-1356","新北市"
"佳新護理之家","新北市新莊區復興路三段31號1~4樓及33號3~4樓","新莊區","02-8992-4278","新北市"
"新北市私立永泰老人養護中心","新北市中和區福和里中山路二段101號","中和區","02-2240-9933","新北市"
"新北市私立逢源老人長期照顧中心(養護型)","新北市中和區連和里中山路二段327巷9號3樓","中和區","02-2245-0139","新北市"
"新北市私立長恩老人長期照顧中心(養護型)","新北市新莊區中正路387、389、393號4樓","新莊區","02-2201-3158","新北市"
"三和護理之家","新北市三重區福隆里三和路四段103之2號4、6~7樓","三重區","02-2287-2000","新北市"
"佳醫護理之家","新北市汐止區茄苳里茄苳路296號","汐止區","02-8648-6672","新北市"
"新北市私立大眾老人養護中心","新北市土城區清水路114號2樓","土城區","02-2260-2532","新北市"
"新北市私立木新居護理之家","新北市土城區清水路114號3-5樓","土城區","02-2274-0855","新北市"
"新北市私立珍珍老人長期照顧中心(養護型)","新北市新莊區化成路354號3樓","新莊區","02-2998-1530","新北市"
"新北市私立永瑞老人長期照顧中心(養護型)","新北市新莊區化成路354號4樓","新莊區","02-2994-2910","新北市"
"新北市私立佳康老人長期照顧中心(養護型)","新北市新莊區雙鳳路113號4樓","新莊區","02-2908-3466","新北市"
"臺北市私立中山老人長期照顧中心(養護型)","台北市萬華區峨眉街124、124-1號1樓","萬華區","02-2375-9590","台北市"
"新北市私立佳緣老人長期照顧中心(養護型)","新北市鶯歌區西鶯里中山路41號","鶯歌區","02-2670-7278","新北市"
"新北市私立慧心老人長期照顧中心(養護型)","新北市板橋區廣福里廣權路2號2樓","板橋區","02-2956-7230","新北市"
"新北市私立心田老人長期照顧中心(養護型)","新北市板橋區廣福里廣權路2號3樓","板橋區","02-8951-1426","新北市"
"慈馨護理之家","新北市板橋區後埔里館前東路96號2樓","板橋區","02-2952-4388","新北市"
"新北市私立德馨老人長期照顧中心(養護型)","新北市汐止區仁德里和平街8號5樓","汐止區","02-2647-1288","新北市"
"新北市私立新明厚老人長期照顧中心(養護型)","新北市淡水區中正東路一段27號1樓","淡水區","02-2629-7281","新北市"
"基隆市私立志心老人長期照顧中心(養護型)","基隆市安樂區樂利三街189、193號","基隆市安樂區","02-2432-3059","其他"
"基隆市私立健安老人長期照顧中心(養護型)","基隆市中正區義二路2巷13號3樓","基隆市中正區","02-2422-9001","其他"
"基隆市私立宏安老人長期照顧中心(養護型)","基隆市七堵區東新街91號2樓","基隆市七堵區","02-2455-3517","其他"
"基隆市私立深美老人長期照顧中心(養護型)","基隆市信義區教忠街37號","基隆市信義區","02-2468-5311","其他"
"新北市私立鴻祥老人長期照顧中心(養護型)","新北市板橋區鄉雲里四川路二段16巷9號8樓","板橋區","02-8967-7439-02-8967-5401","新北市"
"新北市私立同心老人長期照顧中心(養護型)","新北市土城區中央路四段127號9-10樓、9樓之1-11樓之1","土城區","02-2267-9979","新北市"
"私立健安護理之家","新北市板橋區漢生里民權路174號","板橋區","02-2272-1166","新北市"
"新北市私立松樹老人長期照顧中心(養護型)","新北市板橋區崑崙里大觀路三段236號7樓之1","板橋區","02-2682-3334","新北市"
"新北市私立松林老人長期照顧中心(養護型)","新北市板橋區崑崙里大觀路三段236號7樓之2","板橋區","02-2682-4116","新北市"
"新北市私立松和老人長期照顧中心(養護型)","新北市板橋區崑崙里大觀路三段236號7樓","板橋區","02-2682-3337","新北市"
"松和護理之家","新北市板橋區崑崙里大觀路三段236號7樓之3","板橋區","02-2682-3337","新北市"
"景美醫院附設護理之家","台北市文山區萬慶街18號3~4樓","文山區","02-2933-2962","台北市"
"私立健生護理之家","新北市土城區中華路一段14號","土城區","02-2263-1588","新北市"
"兆興護理之家","新北市三重區中興里中興北街19巷2號","三重區","02-2999-8760","新北市"
"祥蕙護理之家","新北市板橋區和平里廣和街100號、100號2樓至5樓、102號","板橋區","02-2964-6585","新北市"
"新北市私立祥逸老人長期照顧中心(養護型)","新北市中和區福善里景平路726-8號、726-6號2樓之1~3","中和區","02-8245-3559","新北市"
"財團法人豐榮護理之家","新北市新店區安德街60巷26號、28號、30號及26號2樓、3樓、3樓之1","新店區","02-2212-2345","新北市"
"新北市私立安濟老人長期照顧中心(養護型)","新北市汐止區環河里福德一路351巷11弄18號2樓","汐止區","02-2695-1800","新北市"
"新北市私立大德老人長期照顧中心(養護型)","新北市三重區福隆里三和路四段103-1號4樓","三重區","02-2287-0555","新北市"
"私立大愛護理之家","新北市三重區福隆里三和路四段103-1號1~3樓","三重區","02-2287-0889","新北市"
"新北市私立崇惠老人長期照顧中心(養護型)","新北市淡水區淡金路16巷117號","淡水區","02-8626-8833","新北市"
"新北市私立永順老人養護中心","新北市中和區平河里建康路2號5樓","中和區","02-3234-0828","新北市"
"新北市私立智英老人長期照護中心","新北市新莊區中正路544之36號1樓","新莊區","02-2908-5498","新北市"
"新北市私立中英老人養護中心","新北市新莊區中正路544之36號2樓","新莊區","02-2908-5498","新北市"
"新北市私立傅英老人長期照顧中心(養護型)","新北市新莊區中正路544之36號3樓","新莊區","02-2908-5498","新北市"
"新北市私立仁英老人養護中心","新北市新莊區中正路544之36號4樓","新莊區","02-2908-5498","新北市"
"鴻欣護理之家","新北市三峽區三樹路168巷48號","三峽區","02-2674-0396","新北市"
"宏十字護理之家","新北市深坑區萬順里北深路三段99、101、103、105號7-8樓","深坑區","02-2662-6893","新北市"
"財團法人新北市私立馨園老人養護中心","新北市萬里區磺潭里公舘崙23之1號","萬里區","02-2498-9331","新北市"
"同仁醫院附設土城護理之家","新北市土城區中央路四段127號1~8樓、2樓之1~8樓之1","土城區","02-2267-3230","新北市"
"天主教耕莘醫療財團法人附設耕莘護理之家","新北市新店區中正路362號C棟1-2樓","新店區","02-2219-3391-#65332","新北市"
"新北市私立老吾老護理之家","新北市新莊區新樹路315巷1號1~3樓","新莊區","02-2202-0118","新北市"
"新北市私立家安老人長期照顧中心(養護型)","新北市新莊區思源路119號2樓、117號(2層)、119號2樓、121號2樓、123號2樓","新莊區","02-8992-0125","新北市"
"新北市私立好家園老人長期照顧中心(養護型)","新北市汐止區興福里福德路38號2樓","汐止區","02-2692-6777","新北市"
"新北市私立美麗家園老人長期照顧中心(養護型)","新北市汐止區興福里福德路38號7樓","汐止區","02-2692-1238","新北市"
"新北市私立幸福家園老人長期照顧中心(養護型)","新北市汐止區興福里福德路38號12樓","汐止區","02-2693-4325","新北市"
"新北市私立安怡老人長期照顧中心(養護型)","新北市中和區碧河里建一路87號3樓","中和區","02-2228-7623","新北市"
"溫昕護理之家","新北市新店區中正路539-3號3~5樓","新店區","02-2219-0259","新北市"
"桃園市私立松林老人長期照顧中心(長期照護型)","桃園市龜山區復興北路6巷42號","桃園市龜山區","03-328-8001","其他"
"松林護理之家","桃園市龜山區復興北路6巷46號","桃園市龜山區","03-318-0999","其他"
"新北市私立連城老人長期照顧中心(養護型)","新北市中和區碧河里板南路337號4樓","中和區","02-2247-9996","新北市"
"新北市私立至傑護理之家","新北市板橋區廣福里和平路14巷9號、9-1號","板橋區","02-8964-1787","新北市"
"財團法人私立廣恩老人養護中心","新北市新店區北宜路二段579巷45號","新店區","02-2217-3517-#135","新北市"
"衛生福利部雙和醫院附設護理之家(委託臺北醫學大學興建經營)","新北市中和區力行里中正路291號13~15樓","中和區","02-2249-0088","新北市"
"康園護理之家","新北市新店區安興路91巷31號1至5樓","新店區","02-8666-3556","新北市"
"百禾長照社團法人附設新北市私立百禾住宿長照機構","新北市板橋區新興里南雅南路一段8號2樓","板橋區","02-2966-1717","新北市"
"寶興護理之家","新北市新店區寶興路39號1樓、2至4樓、41號2至5樓","新店區","02-2910-9980","新北市"
"新北市私立皇佳老人長期照顧中心(養護型)","新北市中和區中原里中山路二段562號10樓","中和區","02-2226-1881","新北市"
"新北市私立中原老人長期照顧中心(養護型)","新北市中和區中原里中山路二段560號6樓、6樓之1","中和區","02-2226-1881","新北市"
"皇家護理之家","新北市中和區中原里中山路二段560號5樓、562號5樓、7樓、7樓之1、8樓","中和區","02-2226-1881","新北市"
"新北市立聯合醫院附設護理之家","新北市板橋區德翠里英士路198號5樓","板橋區","02-2257-5151-#2526","新北市"
"新北市私立景馨護理之家","新北市新莊區化成路63巷41號1~2樓","新莊區","02-8992-1892","新北市"
"財團法人中華文化社會福利事業基金會附設新北市私立翠柏新村老人安養中心","新北市汐止區長青里永春一路5號","汐止區","02-2645-1001","新北市"
"新北市私立迦順老人長期照顧中心(養護型)","新北市板橋區鄉雲里館前西路6號8樓","板橋區","02-2964-5889","新北市"
"新北仁康醫院附設護理之家","新北市新店區安康路二段323~325號3樓","新店區","02-2215-2345","新北市"
"新北市私立沐心老人長期照顧中心(養護型)","新北市三重區中興里重新路五段635之2號1~3樓","三重區","02-2999-0737","新北市"
"太陽長照社團法人附設新北市私立林口住宿長照機構","新北市林口區西林里吉林街30號","林口區","02-2602-6928","新北市"
"財團法人恆安社會福利慈善事業基金會附設新北市私立大同老人長期照顧中心(養護型)","新北市汐止區保安里大同路三段425號3、4樓","汐止區","02-8648-9888","新北市"
"匯安護理之家","新北市新店區寶興路37號3樓","新店區","02-2912-9020","新北市"
"新北市私立匯安老人長期照顧中心(養護型)","新北市新店區中正路399巷7號","新店區","02-8665-6656","新北市"
"新北市私立匯福老人長期照顧中心(養護型)","新北市新店區竹林路99號","新店區","02-2217-8035","新北市"
"遠東護理之家","新北市新店區民權路129號2樓","新店區","02-2218-6820","新北市"
"新北市私立皇冠老人養護中心","新北市新店區民權路60號4樓","新店區","02-2915-7112","新北市"
"新北市私立大坪林老人長期照顧中心(養護型)","新北市新店區民權路58號、60號5樓","新店區","02-2911-1377","新北市"
"新北市私立迦勒老人長期照顧中心(養護型)","新北市土城區延壽路9號","土城區","02-82621968-02-82621966","新北市"
"新北市私立迦蜜老人長期照顧中心(養護型)","新北市板橋區廣福里廣權路10號2~3樓","板橋區","02-2951-1181","新北市"
"新北市私立廣權老人長期照顧中心(養護型)","新北市板橋區廣福里廣權路2號5樓","板橋區","02-8951-4712","新北市"
"廣權護理之家","新北市板橋區廣福里廣權路6號2、5樓","板橋區","02-8951-4712","新北市"
"新北市私立廣福老人長期照顧中心(養護型)","新北市板橋區廣福里廣權路2號4樓","板橋區","02-8951-4435","新北市"
"新北市私立衡安護理之家","新北市三峽區文化路59號5樓之1、6樓之1.2、7樓之1","三峽區","02-8671-1558","新北市"
"基隆市私立聯安護理之家","基隆市仁愛區愛五路34號3樓、6樓","基隆市仁愛區","02-2424-1071","其他"
"基隆市私立聯安老人長期照顧中心(養護型)","基隆市仁愛區愛五路34號7樓","基隆市仁愛區","02-2424-1073","其他"
"八里佳醫護理之家","新北市八里區大崁里觀海大道185號","八里區","02-2610-4913","新北市"
"新北市私立双慈老人長期照顧中心(養護型)","新北市中和區中原里中正路909號5樓","中和區","02-8228-6093","新北市"
"双慈護理之家","新北市中和區中原里中正路909號8、9樓","中和區","02-8228-6000","新北市"
"新北市私立怡和老人長期照顧中心(養護型)","新北市中和區平河里中正路772號5樓","中和區","02-8221-3540-02-8221-3541","新北市"
"財團法人台灣省私立健順養護中心","新北市深坑區昇高里王軍寮9號","深坑區","02-2662-2499","新北市"
"仁禾護理之家","新北市三芝區古庄里四棧橋53之3號1~3樓","三芝區","02-2636-5111","新北市"
"私立三民護理之家","新北市蘆洲區三民路26巷51號1-2樓","蘆洲區","02-2288-5959","新北市"
"新北市私立恩祥老人長期照顧中心(養護型)","新北市蘆洲區三民路26巷51號3樓","蘆洲區","02-2288-6211","新北市"
"新北市私立祐安老人長期照顧中心(養護型)","新北市三重區福隆里自強路四段6、8號3樓","三重區","02-2286-6311","新北市"
"康禾護理之家","新北市鶯歌區中鶯里建國路85號8樓","鶯歌區","02-2670-3636-0915-929-311","新北市"
"永康護理之家","桃園市龜山區忠義路二段421號","桃園市龜山區","03-396-0789","其他"
"臺北市私立全泰老人長期照顧中心(養護型)","台北市北投區行義路105號1~2樓","北投區","02-2874-7739","台北市"
"臺北市私立全家老人長期照顧中心(養護型)","台北市北投區行義路96巷1號1~2樓","北投區","02-2876-1245","台北市"
"臺北市私立全寶老人長期照顧中心(養護型)","台北市北投區石牌路二段315巷16弄2、2-1號1樓","北投區","02-2871-0792","台北市"
"臺北市私立義行老人長期照顧中心(養護型)","台北市北投區石牌路二段357巷1號4-6樓","北投區","02-2876-7880","台北市"
"臺北市私立行義老人長期照顧中心(養護型)","台北市北投區石牌路二段357巷1號1-3樓","北投區","02-2872-9599","台北市"
"三重中興醫院附設護理之家","新北市三重區中興里中興北街21號4樓","三重區","02-2999-1769","新北市"
"福德護理之家","新北市新店區中正路500號2、3、5樓；502號3、4、5樓","新店區","02-2219-1818","新北市"
"新北市私立莊敬老人長期照顧中心(養護型)","新北市新店區中正路521巷1、3號3樓","新店區","02-2218-5571","新北市"
"和安長照社團法人附設新北市私立和安住宿長照機構","新北市三重區溪美里溪尾街35號1~4樓","三重區","02-29813999","新北市"
"新北市私立亞恩老人長期照顧中心(養護型)","新北市新店區民權路42巷59弄2號5樓","新店區","02-8911-1270","新北市"
"大慶護理之家","桃園市龜山區文化路182巷9號","桃園市龜山區","03-396-0036","其他"
"佳醫長照社團法人附設新北市私立觀海住宿長照機構","新北市八里區頂罟里博物館路183號1至4樓","八里區","02-8630-3185","新北市"
"新北市私立闔樂老人長期照顧中心(養護型)","新北市中和區連和里中山路二段327巷1號2樓","中和區","02-2242-2502","新北市"
"新北市私立合樂老人長期照顧中心(養護型)","新北市中和區連和里中山路二段327巷11弄17號3樓","中和區","02-8245-7667","新北市"
"新北市私立和樂老人長期照顧中心(養護型)","新北市中和區連和里中山路二段327巷11弄17號5樓","中和區","02-8245-8131","新北市"
"新北市私立銀享家園老人長期照顧中心(養護型)","新北市土城區日新街33巷8號1、2樓","土城區","02-2265-8289","新北市"
"新北市私立銀享樂園老人長期照顧中心(養護型)","新北市土城區日新街33巷8號3、4樓","土城區","02-2265-8289","新北市"
"劉秀娥長照社團法人附設臺北市私立宜恩住宿長照機構","台北市中山區伊通街28號1-7樓","中山區","02-2518-5855","台北市"
"新北市私立溫馨園老人長期照顧中心(養護型)","新北市鶯歌區中鶯里建國路85號4樓","鶯歌區","02-2678-2277","新北市"
"新北市私立仁惠老人長期照顧中心(養護型)","新北市三芝區古庄里四棧橋53之11號","三芝區","02-2636-3222","新北市"
"新北市私立怡安老人長期照顧中心(養護型)","新北市中和區平河里中正路770號5樓","中和區","02-8221-3540-02-8221-3541","新北市"
"新北市私立慈和老人長期照顧中心(養護型)","新北市中和區中原里中正路909號2樓","中和區","02-2221-2393","新北市"
"新北市私立慈安老人長期照顧中心(養護型)","新北市中和區中原里中正路909號3樓","中和區","02-2258-8868","新北市"
"新北市私立慈鴻老人長期照顧中心(養護型)","新北市中和區中原里中正路909號4樓","中和區","02-8228-2226","新北市"
"桃園市私立大溪老人長期照顧中心(養護型)","桃園市大溪區慈湖路85號4樓","桃園市大溪區","03-387-0119","其他"
"詠林長照社團法人附設新北市私立詠林綜合長照機構","新北市淡水區中正東路一段111巷20號","淡水區","02-2620-6160","新北市"
"臺北市政府社會局老人自費安養中心","臺北市文山區忠順里009鄰興隆路4段109巷30弄6號","文山區","(02)29393146","台北市"
"臺北市立浩然敬老院","臺北市北投區關渡里016鄰知行路75號","北投區","(02)28581081","台北市"
"臺北市私立上美老人長期照顧中心(養護型)","臺北市士林區重慶北路4段162號1-4樓","士林區","(02)28122366","台北市"
"臺北市私立璞園老人長期照顧中心(養護型)","臺北市士林區富光里010鄰葫蘆街33號4、5、6樓","士林區","(02)28163696","台北市"
"臺北市私立祐心老人長期照顧中心(養護型)","臺北市士林區名山里 009鄰至誠路1段305巷3弄14號1-2樓","士林區","(02)28310432","台北市"
"臺北市私立永青老人長期照顧中心(養護型)","臺北市士林區天壽里003鄰中山北路6段427巷8號1-4樓","士林區","(02)28761908","台北市"
"臺北市私立祇福老人養護所","臺北市士林區三玉里016鄰忠誠路2段10巷11、13號1-2樓","士林區","(02)28317713","台北市"
"臺北市私立荷園老人長期照顧中心(養護型)","臺北市士林區富光里010鄰葫蘆街33號2-3樓","士林區","(02)28163696","台北市"
"臺北市私立柏安老人養護所","臺北市士林區蘭雅里 024鄰 中山北路6段290巷52、54號1樓","士林區","(02)28333536","台北市"
"臺北市私立松園老人長期照顧中心(養護型)","臺北市士林區蘭雅里 020鄰德行東路61巷1、2、3號1-2樓","士林區","(02)88662097","台北市"
"臺北市私立天玉老人長期照顧中心(長期照護型)","臺北市士林區天玉街38巷18弄18號1-6樓","士林區","(02)28720239","台北市"
"臺北市私立慧光老人養護所","臺北市大同區星明里 014鄰寧夏路32 號5樓","大同區","(02)25582275","台北市"
"臺北市私立敦煌老人長期照顧中心(養護型)","臺北市大同區重慶里014鄰敦煌路80巷3號及3-1號1樓","大同區","(02)25945133","台北市"
"臺北市私立祥安尊榮老人長期照顧中心(養護型)","臺北市大同區國順里008鄰延平北路3段4號2樓","大同區","(02)25860098","台北市"
"臺北市私立永安老人養護所","臺北市大同區老師里008鄰重慶北路3段284號2-4樓、286號1-4樓","大同區","(02)25980197","台北市"
"臺北市私立德寶老人養護所","臺北市大同區建明里002鄰長安西路78巷4弄11號1-4樓","大同區","(02)25522062","台北市"
"臺北市私立仁家老人長期照顧中心(養護型)","臺北市大同區延平里001鄰甘州街55號5-6樓","大同區","(02)25530799","台北市"
"臺北市私立建順老人長期照顧中心(養護型)","臺北市大同區延平里001鄰甘州街55號3樓","大同區","(02)25520199","台北市"
"臺北市私立建興老人長期照顧中心(養護型)","臺北市大同區延平里001鄰甘州街55號2樓","大同區","(02)25520199","台北市"
"臺北市私立晉安老人長期照顧中心(養護型)","臺北市大同區至聖里032鄰重慶北路3段175、177號1-4樓","大同區","(02)25982301","台北市"
"臺北市私立祥寶尊榮老人長期照顧中心(養護型)","臺北市大同區建泰里019鄰太原路97巷4、6號","大同區","(02)25501118","台北市"
"臺北市私立天恩老人長期照顧中心(養護型)","臺北市大安區龍門里008鄰新生南路3段7-4號、9-4號、9-5號","大安區","(02)23620457","台北市"
"臺北市私立新常安老人長期照顧中心(養護型)","臺北市大安區黎孝里006鄰安居街46巷14號1-3樓及芳和里013鄰和平東路3段228巷39號2樓","大安區","(02)23775448","台北市"
"臺北市私立健全老人長期照顧中心(養護型)","臺北市大安區錦華里001鄰金山南路2段152號2、3、5、6樓","大安區","(02)23943265","台北市"
"臺北市私立嘉恩老人長期照顧中心(養護型)","臺北市大安區黎孝里008鄰安居街27號4、6樓及29號4、5樓","大安區","(02)27371330","台北市"
"臺北市私立康寧老人長期照顧中心(養護型)","臺北市大安區光信里020鄰仁愛路4段300巷20弄15號2樓、17號2樓","大安區","(02)27053835","台北市"
"臺北市私立上上老人養護所","臺北市大安區仁慈里009鄰復興南路1段279巷14、16號1樓","大安區","(02)27032223","台北市"
"臺北市私立晨欣老人長期照顧中心(養護型)","臺北市中山區集英里006鄰中山北路2段96巷19號3樓","中山區","(02)25212226","台北市"
"臺北市私立松湛園老人養護所","臺北市中山區聚盛里003鄰錦州街4巷1號2樓、2樓之1","中山區","(02)25652281","台北市"
"臺北市私立松青園老人養護所","臺北市中山區民安里021鄰民生西路30號2樓、2樓之1-4","中山區","(02)25110903","台北市"
"臺北市私立法泉老人長期照顧中心(養護型)","臺北市中山區朱崙里012鄰八德路2段251號2樓","中山區","(02)87731706","台北市"
"臺北市私立龍江老人長期照顧中心(養護型)","臺北市中山區力行里007鄰長安東路1段63號4樓","中山區","(02)25672208","台北市"
"臺北市私立仁群老人長期照顧中心(養護型)","臺北市中山區下埤里019鄰民族東路512巷14號1-2樓、16號2樓","中山區","(02)25013369","台北市"
"臺北市私立群仁老人長期照顧中心(養護型)","臺北市中山區下埤里019鄰民族東路512巷14號3-5樓","中山區","(02)25010048","台北市"
"臺北市私立福成老人長期照顧中心(養護型)","臺北市中山區新福里004鄰松江路374、380、382號4樓","中山區","(02)25982507","台北市"
"臺北市私立福喜老人長期照顧中心(養護型)","臺北市中山區松江路374、380、382號7樓","中山區","(02)25919087","台北市"
"臺北市私立仁泰老人長期照顧中心(養護型)","臺北市中正區三愛里001鄰連雲街3號1、3樓、3之4號及三愛里001鄰新生南路1段124之3號5樓","中正區","(02)33931662","台北市"
"臺北市私立博愛老人長期照顧中心(養護型)","臺北市中正區富水里001鄰汀州路3段56號2樓","中正區","(02)23671050","台北市"
"臺北市私立明德老人長期照顧中心(養護型)","臺北市中正區永昌里014鄰詔安街220巷2、4號1樓","中正區","(02)23090381","台北市"
"臺北市私立大園老人長期照顧中心(養護型)","臺北市中正區三愛里001鄰新生南路1段124之3號1-4樓","中正區","(02)33931661","台北市"
"臺北市私立銀髮族老人養護所","臺北市內湖區成功路2段488號2-5樓、490號2樓、4樓","內湖區","(02)27926006","台北市"
"臺北市私立童音老人長期照顧中心(養護型)","臺北市內湖區葫洲里004鄰民權東路6段280巷19弄1、3、5、7號1樓","內湖區","(02)26345131","台北市"
"臺北市私立湖濱老人長期照顧中心(養護型)","臺北市內湖區湖濱里010鄰內湖路2段179巷58、60號1樓","內湖區","(02)27933081","台北市"
"臺北市私立瑞安老人長期照顧中(養護型)","臺北市內湖區紫陽里002鄰成功路3段88、90、92號2樓、76巷9號2樓","內湖區","(02)27925292","台北市"
"臺北市私立祥家老人養護所","臺北市內湖區湖濱里026鄰內湖路2段253巷1弄1、3號1-2樓","內湖區","(02)27922281","台北市"
"臺北市私立文德老人長期照顧中心(養護型)","臺北市內湖區紫陽里011鄰陽光街70-2、70-3、72、72-1號1樓","內湖區","(02)26581303","台北市"
"臺北市私立景安老人長期照顧中心(養護型)","臺北市文山區景慶里001鄰溪口街1巷5號1-2樓","文山區","(02)29325698","台北市"
"臺北市私立心慈老人養護所","臺北市文山區興業里022鄰辛亥路5段120-1號1-4樓","文山區","(02)29314730","台北市"
"臺北市私立慧誠老人長期照顧中心(養護型)","臺北市文山區木柵里025鄰木柵路2段163、165號1-5樓","文山區","(02)29392222","台北市"
"臺北市私立蓮馨老人長期照顧中心(養護型)","臺北市文山區萬和街6號8樓","文山區","(02)82300373","台北市"
"臺北市私立慈安老人長期照顧中心(養護型)","臺北市文山區萬有里001鄰興隆路1段2、4號1~4樓","文山區","(02)29337745","台北市"
"臺北市私立美安老人長期照顧中心(養護型)","臺北市文山區景慶里001鄰溪口街1巷5號3-4樓","文山區","(02)29316388","台北市"
"臺北市私立景興老人長期照顧中心(養護型)","臺北市文山區景行里021鄰景興路222號3樓","文山區","(02)29349412","台北市"
"臺北市私立三園老人長期照顧中心(養護型)","臺北市文山區景行里002鄰車前路12號3-4樓","文山區","(02)29321147","台北市"
"臺北市私立吉祥老人長期照顧中心(養護型)","臺北市文山區木柵里004鄰木柵路3段85巷8弄4-1、4-2號1樓及2、2-1、2-2、4、4-1、4-2號2樓","文山區","(02)22343511","台北市"
"臺北市私立慧華老人長期照顧中心(養護型)","臺北市文山區興隆路2段154巷11號1樓","文山區","(02)29356272","台北市"
"臺北市私立萬芳老人長期照顧中心(養護型)","臺北市文山區萬和街8號3樓","文山區","(02)22303000","台北市"
"臺北市私立尊暉老人長期照顧中心(養護型)","臺北市北投區石牌路2段343巷17號1-2樓","北投區","(02)28761997","台北市"
"臺北市私立賢暉老人長期照顧中心(養護型)","臺北市北投區石牌路2段315巷34弄14、16號1樓","北投區","(02)28710770","台北市"
"臺北市私立高德老人長期照顧中心(養護型)","臺北市北投區磺港路156號1-3樓","北投區","(02)28982418","台北市"
"臺北市私立陽明山老人長期照顧中心(養護型)","臺北市北投區湖山里006鄰紗帽路116號","北投區","(02)28615006","台北市"
"臺北市私立全家老人長期照顧中心(養護型)","臺北市北投區永和里007鄰行義路96巷1號1-2樓","北投區","(02)28761692","台北市"
"臺北市私立倚青園老人長期照顧中心(養護型)","臺北市北投區永明里008鄰義理街63巷4弄7、11之1-3號1樓","北投區","(02)28283533","台北市"
"臺北市私立榮健老人長期照顧中心(養護型)","臺北市北投區建民里016鄰文林北路94巷5弄13號1-2樓、15號2樓","北投區","(02)28216113","台北市"
"臺北市私立全寶老人長期照顧中心(養護型)","臺北市北投區永欣里014鄰石牌路2段315巷16弄2、2-1號1樓","北投區","(02)28710793","台北市"
"臺北市私立義行老人長期照顧中心(養護型)","臺北市北投區永和里001鄰石牌路2段357巷1號4-6樓","北投區","(02)28767880","台北市"
"臺北市私立建民老人長期照顧中心(養護型)","臺北市北投區文林里019鄰建民路22、24、26、26之1號1樓","北投區","(02)28250799","台北市"
"臺北市私立榮祥老人長期照顧中心(養護型)","臺北市北投區文林里019鄰文林北路166巷5弄2號1-2樓、4號1樓","北投區","(02)28213709","台北市"
"臺北市私立北投老人長期照顧中心(養護型)","臺北市北投區公館路231巷20號1樓","北投區","(02)28937412","台北市"
"臺北市私立全泰老人長期照顧中心(養護型)","臺北市北投區永和里006鄰行義路105號1-2樓","北投區","(02)28747739","台北市"
"臺北市私立崇順老人養護所","臺北市北投區關渡里013鄰知行路52巷1號、54號1-2樓","北投區","(02)28581979","台北市"
"臺北市私立聖心老人養護所","臺北市北投區稻香路321號1樓","北投區","(02)28913890","台北市"
"臺北市私立天下知老人長期照顧中心(養護型)","臺北市北投區關渡里003鄰關渡路60、62之1號1樓","北投區","(02)28582701","台北市"
"臺北市私立怡靜老人長期照顧中心(養護型)","臺北市北投區吉利里002鄰致遠二路96巷3弄1、3號1樓","北投區","(02)28200437","台北市"
"臺北市私立貴族老人長期照顧中心(養護型)","臺北市北投區大同里013鄰大業路452巷2號2-5樓","北投區","(02)28965555","台北市"
"臺北市私立行義老人長期照顧中心(養護型)","臺北市北投區永和里001鄰石牌路2段357巷1號1-3樓","北投區","(02)28729599","台北市"
"臺北市私立豪門老人長期照顧中心(養護型)","臺北市北投區大同里013鄰大業路452巷2號6-9樓","北投區","(02)28954492","台北市"
"臺北市私立奇里岸老人長期照顧中心(養護型)","臺北市北投區立農里013鄰西安街2段245號1-2樓","北投區","(02)28275139","台北市"
"財團法人台灣基督教道生院附設臺北市私立道生院老人長期照顧中心(養護型)","臺北市北投區秀山里002鄰中和街錫安巷112號1-2樓及地下1樓","北投區","(02)28936161","台北市"
"臺北市私立同德老人長期照顧中心(養護型)","臺北市北投區榮華里004鄰明德路306號1-7樓","北投區","(02)28281328","台北市"
"臺北市私立群英老人長期照顧中心(養護型)","臺北市松山區仁愛里013鄰敦化南路1段7號4樓","松山區","(02)25791400","台北市"
"臺北市私立台大老人長期照顧中心(養護型)","臺北市松山區仁愛里013鄰敦化南路1段7號4樓之1","松山區","(02)25792816","台北市"
"臺北市私立仁仁老人長期照顧中心(養護型)","臺北市松山區新聚里003鄰南京東路5段356號2樓","松山區","(02)27659900","台北市"
"臺北市私立康壯老人長期照顧中心(養護型)","臺北市松山區吉祥里001鄰八德路4段203、205號1、2樓","松山區","(02)27686697","台北市"
"臺北市私立倚青苑老人養護所","臺北市信義區永春里002鄰中坡北路21號1-2樓、23號2樓","信義區","(02)27477232","台北市"
"臺北市私立康庭老人養護所","臺北市信義區安康里017鄰信義路6段15巷16號1樓","信義區","(02)23460684","台北市"
"臺北市私立福安老人長期照顧中心(養護型)","臺北市南港區萬福里007鄰玉成街140巷21、23號2樓","南港區","(02)27850584","台北市"
"臺北市私立葉媽媽老人長期照顧中心(養護型)","臺北市萬華區錦德里012鄰西園路2段243之13號1-4樓","萬華區","(02)23329986","台北市"
"財團法人天主教失智老人社會福利基金會附設臺北市私立聖若瑟失智老人養護中心","臺北市萬華區保德里001鄰德昌街125巷11號1-4樓、13號1樓","萬華區","(02)23046715","台北市"
"臺北市私立葉爸爸老人長期照顧中心(養護型)","臺北市萬華區錦德里012鄰西園路2段243之14號1-4樓","萬華區","(02)23329985","台北市"
"臺北市私立中山老人長期照顧中心(養護型)","臺北市萬華區菜園里001鄰峨眉街124號、124之1號1樓","萬華區","(02)23759590","台北市"
"財團法人臺北市私立愛愛院","臺北市萬華區糖廍里006鄰大理街175巷27號","萬華區","(02)23060493","台北市"
"臺北市私立軒儀老人長期照顧中心(養護型)","臺北市萬華區華江里028鄰和平西路3段384號1樓","萬華區","(02)23088661","台北市"
